1,2,manager@mail.com,manager,Philip,Ritchey,false
2,1,logankettle@mail.com,logankettle,Logan,Kettle,false
3,1,westoncadena@mail.com,westoncadena,Weston,Cadena,false
4,1,ryanpaul@mail.com,ryanpaul,Ryan,Paul,false
5,1,colemcanelly@mail.com,colemcanelly,Cole,McAnelly,false
6,0,codybowers@mail.com,changeme123,Jared,Hernandez,false
7,0,blanchardzachary@mail.com,changeme123,Nicholas,Gutierrez,false
8,0,patricia39@mail.com,changeme123,Jorge,Mccoy,false
9,0,tsanchez@mail.com,changeme123,Janice,Martin,false
10,0,davidsonteresa@mail.com,changeme123,Jessica,King,false
11,0,jacquelinedavis@mail.com,changeme123,Samuel,Evans,false
12,0,cunninghamnathan@mail.com,changeme123,Lynn,Wilson,false
13,0,traceyprice@mail.com,changeme123,Sarah,Black,false
14,0,danielhood@mail.com,changeme123,Mark,Sims,false
15,0,gregory68@mail.com,changeme123,James,Allen,false
16,0,cody94@mail.com,changeme123,Monica,Moore,false
17,0,vanessawalters@mail.com,changeme123,Tammy,Morgan,false
18,0,jonescharles@mail.com,changeme123,Charles,Henderson,false
19,0,faustin@mail.com,changeme123,Christopher,Arnold,false
20,0,kelseyburke@mail.com,changeme123,Jodi,Kelley,false
21,0,nicolenewman@mail.com,changeme123,Ariel,Morrison,false
22,0,ncox@mail.com,changeme123,Lauren,Vincent,false
23,0,lmoreno@mail.com,changeme123,Brandon,Evans,false
24,0,danielleschultz@mail.com,changeme123,Vanessa,Lynn,false
25,0,moorejohn@mail.com,changeme123,Sarah,Washington,false
26,0,brianmiller@mail.com,changeme123,Abigail,Todd,false
27,0,donna86@mail.com,changeme123,Shannon,Colon,false
28,0,howardrichard@mail.com,changeme123,Roger,Stewart,false
29,0,victoria14@mail.com,changeme123,Andrea,Willis,false
30,0,jacksonkelly@mail.com,changeme123,Juan,Villarreal,false
31,0,john29@mail.com,changeme123,Andrew,Lopez,false
32,0,langeileen@mail.com,changeme123,Kathy,Brown,false
33,0,whaley@mail.com,changeme123,Kevin,Spencer,false
34,0,kevinreyes@mail.com,changeme123,Mark,Burns,false
35,0,david44@mail.com,changeme123,Ann,Ayers,false
36,0,fwatkins@mail.com,changeme123,Holly,Gonzalez,false
37,0,lopezkyle@mail.com,changeme123,Dana,Anderson,false
38,0,gentryanthony@mail.com,changeme123,Ronnie,Kelly,false
39,0,robinsonchristine@mail.com,changeme123,Elizabeth,Kirk,false
40,0,richardaudrey@mail.com,changeme123,Brittany,Jordan,false
41,0,dcooper@mail.com,changeme123,Barbara,Cooper,false
42,0,krausejennifer@mail.com,changeme123,Jennifer,Shepherd,false
43,0,kathleen24@mail.com,changeme123,Amber,Cook,false
44,0,cbrown@mail.com,changeme123,Megan,Atkins,false
45,0,williamjohnson@mail.com,changeme123,Rachel,Day,false
46,0,lewiskaren@mail.com,changeme123,Shannon,Clark,false
47,0,arielmason@mail.com,changeme123,Kevin,Reilly,false
48,0,patrick74@mail.com,changeme123,Andrea,Horn,false
49,0,joshua60@mail.com,changeme123,Kyle,Erickson,false
50,0,nielsenamber@mail.com,changeme123,Marc,Martinez,false
51,0,markflores@mail.com,changeme123,Kimberly,Adams,false
52,0,mathisheather@mail.com,changeme123,James,Spencer,false
53,0,ablack@mail.com,changeme123,Melissa,Davis,false
54,0,anthonywelch@mail.com,changeme123,Raymond,Logan,false
55,0,anthonyclark@mail.com,changeme123,Christopher,Murillo,false
56,0,luisturner@mail.com,changeme123,Victoria,Vega,false
57,0,dthomas@mail.com,changeme123,Kimberly,Taylor,false
58,0,amandaanderson@mail.com,changeme123,Jason,Mcfarland,false
59,0,usullivan@mail.com,changeme123,Colleen,Humphrey,false
60,0,wanda00@mail.com,changeme123,Casey,Shields,false
61,0,lori83@mail.com,changeme123,Richard,Dillon,false
62,0,ipoole@mail.com,changeme123,Andrew,Moore,false
63,0,michelecook@mail.com,changeme123,Joanna,Davis,false
64,0,timothybeltran@mail.com,changeme123,Michele,Carter,false
65,0,dflores@mail.com,changeme123,Zachary,Carlson,false
66,0,tanyacohen@mail.com,changeme123,Stephen,Davis,false
67,0,morganspencer@mail.com,changeme123,Gary,Dennis,false
68,0,sean98@mail.com,changeme123,Samantha,Perez,false
69,0,lindseytorres@mail.com,changeme123,Mark,Cooke,false
70,0,jamespetersen@mail.com,changeme123,Tonya,Conway,false
71,0,courtneyrobertson@mail.com,changeme123,Judy,Ryan,false
72,0,brad83@mail.com,changeme123,Leonard,Martinez,false
73,0,feliciamartin@mail.com,changeme123,Bradley,Jones,false
74,0,nicole93@mail.com,changeme123,Colleen,Richardson,false
75,0,lawrencekennedy@mail.com,changeme123,Emily,Rose,false
76,0,edward47@mail.com,changeme123,Benjamin,Buchanan,false
77,0,arodriguez@mail.com,changeme123,Wendy,Hamilton,false
78,0,crodgers@mail.com,changeme123,Sharon,Morse,false
79,0,malloryreeves@mail.com,changeme123,Nicole,Carlson,false
80,0,ysutton@mail.com,changeme123,Cynthia,Knox,false
81,0,karina88@mail.com,changeme123,Denise,Allison,false
82,0,kristenturner@mail.com,changeme123,Robert,Brown,false
83,0,rachelmiller@mail.com,changeme123,Jonathan,Garrett,false
84,0,ejones@mail.com,changeme123,Leah,Gonzalez,false
85,0,lori14@mail.com,changeme123,Amy,Gallagher,false
86,0,vgriffin@mail.com,changeme123,Matthew,Chavez,false
87,0,marybryant@mail.com,changeme123,Sandra,Fitzgerald,false
88,0,tammiegarrett@mail.com,changeme123,Susan,Parsons,false
89,0,rosalespatrick@mail.com,changeme123,Theresa,Stewart,false
90,0,joseph11@mail.com,changeme123,Denise,Larsen,false
91,0,timothy66@mail.com,changeme123,Penny,Mahoney,false
92,0,taylormartin@mail.com,changeme123,Rebecca,Vaughn,false
93,0,david83@mail.com,changeme123,John,Mccormick,false
94,0,charles92@mail.com,changeme123,Melissa,Cooper,false
95,0,lisalee@mail.com,changeme123,James,Jarvis,false
96,0,anthony75@mail.com,changeme123,Alice,Garcia,false
97,0,alexispowell@mail.com,changeme123,Joe,Guzman,false
98,0,qaustin@mail.com,changeme123,Amy,Jackson,false
99,0,gibsonjohn@mail.com,changeme123,Sarah,Krause,false
100,0,torresdavid@mail.com,changeme123,Chris,Garcia,false
101,0,perezbrian@mail.com,changeme123,Valerie,Gutierrez,false
102,0,isabel67@mail.com,changeme123,John,Allen,false
103,0,cheryl62@mail.com,changeme123,Cory,Young,false
104,0,mmcintosh@mail.com,changeme123,Amy,Vazquez,false
105,0,clinton21@mail.com,changeme123,Nicole,Lopez,false
106,0,cynthiahurst@mail.com,changeme123,Gary,Reynolds,false
107,0,tuckersteven@mail.com,changeme123,Louis,Glenn,false
108,0,brownjoseph@mail.com,changeme123,Dana,Blevins,false
109,0,cynthia02@mail.com,changeme123,Victoria,Daniel,false
110,0,padilladevin@mail.com,changeme123,Jennifer,Williams,false
111,0,morriscalvin@mail.com,changeme123,Lori,Wilson,false
112,0,tammy09@mail.com,changeme123,Morgan,Macdonald,false
113,0,currytina@mail.com,changeme123,George,Alvarez,false
114,0,charles14@mail.com,changeme123,Timothy,Haynes,false
115,0,morrisaustin@mail.com,changeme123,Alicia,Clayton,false
116,0,cristian83@mail.com,changeme123,Kimberly,Daniels,false
117,0,lindapeterson@mail.com,changeme123,Mary,Cisneros,false
118,0,kathleen62@mail.com,changeme123,Katherine,Mendez,false
119,0,carlosmolina@mail.com,changeme123,Richard,Jones,false
120,0,oray@mail.com,changeme123,David,Cook,false
121,0,andrewbrown@mail.com,changeme123,Monica,Garner,false
122,0,aprilbarber@mail.com,changeme123,Andrew,Flowers,false
123,0,sherrigood@mail.com,changeme123,Luke,Ferguson,false
124,0,edward46@mail.com,changeme123,Jonathan,Hall,false
125,0,emendoza@mail.com,changeme123,Angela,Yoder,false
126,0,jose96@mail.com,changeme123,John,Rodriguez,false
127,0,robertrussell@mail.com,changeme123,Cassandra,Bryant,false
128,0,hamptonandrea@mail.com,changeme123,Kathryn,Hendricks,false
129,0,jamesoneill@mail.com,changeme123,Sarah,Carter,false
130,0,duanemays@mail.com,changeme123,James,Hays,false
131,0,blairdavid@mail.com,changeme123,Brianna,Clark,false
132,0,wallangela@mail.com,changeme123,Hannah,Bartlett,false
133,0,asandoval@mail.com,changeme123,Christopher,Banks,false
134,0,ashley34@mail.com,changeme123,Heather,Henry,false
135,0,shill@mail.com,changeme123,Scott,Walsh,false
136,0,wcarney@mail.com,changeme123,Meredith,Bradford,false
137,0,rogersalex@mail.com,changeme123,Martin,Montgomery,false
138,0,troy18@mail.com,changeme123,Gina,Reynolds,false
139,0,jmorris@mail.com,changeme123,Daniel,Dominguez,false
140,0,maynardsamuel@mail.com,changeme123,Donald,Stephens,false
141,0,igoodwin@mail.com,changeme123,Christopher,Carter,false
142,0,campbelljoseph@mail.com,changeme123,Colleen,Martin,false
143,0,jamesjacobs@mail.com,changeme123,Willie,Moore,false
144,0,joshuawalker@mail.com,changeme123,Sara,Buchanan,false
145,0,dramos@mail.com,changeme123,Dawn,Johnson,false
146,0,melissaadkins@mail.com,changeme123,Christopher,Kerr,false
147,0,hillrodney@mail.com,changeme123,Michael,Potter,false
148,0,zimmermanashley@mail.com,changeme123,Matthew,Foster,false
149,0,kshort@mail.com,changeme123,Samuel,Tucker,false
150,0,victor79@mail.com,changeme123,Alexis,Manning,false
151,0,tonya03@mail.com,changeme123,Audrey,Andrade,false
152,0,thomasmichelle@mail.com,changeme123,Hunter,Walker,false
153,0,howardgilmore@mail.com,changeme123,Peter,Kelley,false
154,0,vhenderson@mail.com,changeme123,Sandra,Cox,false
155,0,kyle03@mail.com,changeme123,Elizabeth,Gross,false
156,0,robertsdylan@mail.com,changeme123,William,Harris,false
157,0,wendymorris@mail.com,changeme123,James,Garrett,false
158,0,allentravis@mail.com,changeme123,Rebecca,Baker,false
159,0,ichapman@mail.com,changeme123,Tyrone,Daniels,false
160,0,lynn25@mail.com,changeme123,Margaret,Nielsen,false
161,0,jillmcgee@mail.com,changeme123,Paige,Wood,false
162,0,halljodi@mail.com,changeme123,Kevin,Edwards,false
163,0,sanchezpamela@mail.com,changeme123,Calvin,Perkins,false
164,0,alexis55@mail.com,changeme123,George,Porter,false
165,0,wcarroll@mail.com,changeme123,Ashley,Cruz,false
166,0,ahartman@mail.com,changeme123,Rebecca,Miller,false
167,0,wendy41@mail.com,changeme123,Karen,Perez,false
168,0,xanderson@mail.com,changeme123,Christopher,Smith,false
169,0,sanchezjessica@mail.com,changeme123,Charles,Carter,false
170,0,lisa46@mail.com,changeme123,Susan,Larson,false
171,0,rachellee@mail.com,changeme123,Vincent,Brown,false
172,0,jennifermcbride@mail.com,changeme123,Shelby,Hernandez,false
173,0,karencrawford@mail.com,changeme123,Robert,Thomas,false
174,0,mmartinez@mail.com,changeme123,Adam,Brown,false
175,0,mcdonaldphyllis@mail.com,changeme123,Alex,Snow,false
176,0,aimee88@mail.com,changeme123,Jennifer,Rios,false
177,0,kathleenkennedy@mail.com,changeme123,Mark,Ward,false
178,0,crystal98@mail.com,changeme123,Sydney,Murphy,false
179,0,millsterry@mail.com,changeme123,Miranda,Ramirez,false
180,0,fullersherri@mail.com,changeme123,Linda,Sampson,false
181,0,forbesthomas@mail.com,changeme123,Sean,Cooper,false
182,0,sharon35@mail.com,changeme123,Ian,Dominguez,false
183,0,joneslynn@mail.com,changeme123,Veronica,Murray,false
184,0,taterobert@mail.com,changeme123,Lindsey,Rosales,false
185,0,rodgerskirk@mail.com,changeme123,Barbara,Alvarado,false
186,0,benjamin25@mail.com,changeme123,Kathryn,Cruz,false
187,0,mayharold@mail.com,changeme123,John,Vaughn,false
188,0,zjenkins@mail.com,changeme123,Robert,Munoz,false
189,0,wrightsavannah@mail.com,changeme123,Bonnie,Singleton,false
190,0,pooleamber@mail.com,changeme123,Joan,Martin,false
191,0,nicholasdelacruz@mail.com,changeme123,Abigail,Randall,false
192,0,ophillips@mail.com,changeme123,Gabrielle,Contreras,false
193,0,olewis@mail.com,changeme123,Dale,Tran,false
194,0,austinsimmons@mail.com,changeme123,Kenneth,Morgan,false
195,0,matthewpierce@mail.com,changeme123,Joseph,Simpson,false
196,0,fosterlori@mail.com,changeme123,Rebecca,Anderson,false
197,0,webbdiane@mail.com,changeme123,Robert,Warner,false
198,0,uhaynes@mail.com,changeme123,Crystal,Bond,false
199,0,joseph30@mail.com,changeme123,Eric,Padilla,false
200,0,carolcarroll@mail.com,changeme123,Jeffrey,Chavez,false
201,0,smithjoe@mail.com,changeme123,Kimberly,Booth,false
202,0,wsmith@mail.com,changeme123,Joshua,Scott,false
203,0,isanchez@mail.com,changeme123,Lauren,Morales,false
204,0,samanthafox@mail.com,changeme123,Amanda,Jones,false
205,0,jenniferramirez@mail.com,changeme123,Victor,Ross,false